55801.6	43269.8	92606.2	229208	73032.5	68670.1	63596.7	39576.1	43025.1	33835.8	41469.3	167825	58817.6	49194.2	117073	59714.1	35997	114648	225948	94734.5	29909.1	62300.3	29898	33933.9	67867.4	99638.7	135682	54727.6	44889	456248	78054	83110	60813.7	47506.7	54821.8	81429.4	55082.8	56350.3	30385.4	40411.1	62343.8	91256.2	46215.5	40350.4	40178	152888	103643	28090.8	94354.5	32273	190504	61892.8	42032.6	125407	44711.6	54179.2	73740.8	43723.4	129382	70434.4	346840	42499.2	36038.3	140725	33150	28985.7	152408	173716	76117.3	64496.8	114364	76851.8	30698.9	49904.5	112941	49818.9	86328.4	29980.2	82892.4	30147.9	105736	48811.6	45153	28624.3	84042.7	36356.2	63773.4	210918	43552.5	43778.1	192783	322321	66358.1	50544.4	137521	58286.7	81046.8	62217.1	48640.6	49579.6
5176.27	38947.5	165416	152341	37438.3	48977.8	26319.8	16290.4	55777.5	10070.3	43297.7	113054	66528.7	19477.5	56039.5	3982.39	25716	264618	130589	53762.9	18637.6	83717.9	10304.7	7458.81	62103.5	126443	30154.2	13378.7	52106.5	336496	29503.2	45613.4	35152.1	56842.9	19187.8	41362.9	12080.5	8754.43	14322.8	62633.1	39278.7	47035.9	676416	9872.53	19021.4	37761.6	78366.7	4733.78	231875	23078.3	119141	3094.16	13033.4	47188.2	10490.5	37928.5	34152.2	4833.68	33211.1	27832.4	277496	28668.9	63343.6	83970.1	4813.49	12084.3	77505.9	99241.7	166133	23671	37044.7	23933	8293.59	20679.1	78807.3	13284.9	38435.4	20095.8	32281	39061	99521.4	6421.39	12422.5	5677.84	28234.1	13457.5	68410.7	64281	27599.8	29061	65704.2	243264	139899	26649.5	60032.7	33284.6	29216.1	43542.4	4045.59	28999.2
700.436	37201.9	229887	91143.2	28421.6	39499.9	9783.24	10257.6	63932	5503.7	45299.1	71593.2	73175	7107.6	20032.1	265.742	22549.3	401484	68202.9	37838.5	13710.1	98622.6	4535.1	3096.29	59105.4	148832	3423.66	2204.24	57619.8	225534	13894.6	25194	26024.7	63764.1	6793.73	20892.1	2277.92	1971.79	8160.31	78132.2	27323.7	24781.1	1.30627e+06	4844.63	10763.4	5093.38	63245.3	2146.91	364350	19269.4	65097.7	139.404	4449.47	19804.6	2577.53	29139.9	17370.4	558.051	3353.16	9410.33	220704	21596	83785.2	52944.3	2141.34	7181.05	32769.9	50428.4	244887	10343.8	9344.59	7882.42	5010.4	11375.1	57745.5	3206.17	15518.2	16085.3	15072.3	45254	95580.8	1016.53	5491.84	2180.44	12261.9	6377.49	71308.8	9876.33	20052.4	26000	12285.1	173863	203773	17812.6	22125.9	21564.5	-1640.56	35639.4	696.044	20594
508.937	36861.7	289887	48910.5	26646.9	35486.9	4678.23	9097.25	69607	4897.76	47423.8	43863.7	79189.3	3550.52	5778.52	178.117	21888.6	532266	35267.8	32548.4	11870.1	109730	3277.2	2594.33	57879.6	168372	730.645	731.206	62126.9	130341	10090.1	15305.9	23363.9	69215.4	3862.96	12645.4	1088.8	1405.36	6242.72	90039.7	21888.4	15831.5	1.95048e+06	4277.46	8157.63	1104.28	54999.9	1972.88	496996	17972.6	30917.8	94.5324	2723.09	12761.4	1483.29	24886.9	11739.5	-518.343	86.8832	4108.82	176563	18360.5	100221	38385.7	1983.69	6055.73	13104.3	24790.3	317799	7114.89	3531.18	4642.45	4674.92	9040.64	45990.5	1573.12	7633.74	14706.9	10600	49886	93424.8	670.172	4456.97	1824.63	8923.17	4715.29	73585.6	1170.81	16953.7	25714.1	1566.39	117337	262570	15090.1	9276.72	16869.7	-34203.7	32913.2	567.153	17640.3
511.264	37279.2	347515	25026.8	26667.3	34143.2	3489.67	9104.79	73883.3	4957.16	49648.3	27879.4	84842.3	2766.47	2286.04	182.63	22073.2	660521	21391.1	31185.7	11350.8	118499	3077.11	2588.66	57769.1	186018	-434.557	606.382	66030.5	59557.8	9388.24	5668.19	22955.9	73743	3350.14	9937.28	994.558	1385.92	5763.43	99911.1	19723.2	12865.7	2.61496e+06	4325.7	7508.69	-790.818	51003.7	2017.65	632563	17769.1	14134.4	97.0347	2462.95	11331.1	1381.81	23087.1	10154.8	-1421.36	-3296.02	3000.8	144172	17056.6	114107	32402	2017.84	5907.14	6900.64	14268.3	387630	6506.92	2703.66	4171.69	4726.82	8625.27	40023	1385.91	5555.42	14410	9665.93	53579.2	92649.2	669.474	4422.43	1833.87	8457.28	4427.01	75649.4	555.151	15918.8	26069.5	-5965.64	75769.1	318645	14482.4	6075.74	15254.5	-68596.6	32489.2	576.024	16815.8
521.758	38109.9	404091	14263.5	27128.3	34051.6	3298.18	9386.99	77353.4	5127.68	51961.6	19956.8	90311.5	2646.56	1688.84	189.376	22544.7	788396	16519	31199.1	11367.6	125785	3099.72	2644.32	58358.4	202394	-1455.33	609.95	69574.6	19303.7	9416.87	-3710.14	23309	77681.7	3341.26	9262.32	1010.39	1410.43	5726.03	108610	19057	12133.4	3.30302e+06	4458.04	7472.82	-2506.52	49486.4	2082.88	772837	18032.9	7874.09	100.29	2468.26	11223.4	1401.85	22529.6	9831.34	-2145.05	-6804.29	2854.62	121800	16663.7	126297	30318.8	2066.93	5998.63	5394.17	10787.7	456056	6495.71	2666.77	4201.07	4829.8	8699.43	37322.1	1393.48	5144.88	14545.5	9599.59	56694.6	92934.8	690.153	4549.5	1884.22	8581.65	4453.64	77652.2	534.119	15783.1	26576.9	-13307.6	48860.3	373425	14566	5442.09	14863.9	-104952	33068.7	590.676	16778
532.704	39173.6	460533	10281.1	27702.2	34543.5	3337.28	9738.88	80356.6	5319.74	54359.1	16547	95717.2	2673.4	1635.12	196.297	23118.8	917342	15078.3	31692	11601.3	132117	3169.16	2708.24	59391.3	217932	-2319.47	625.343	72912.7	4744.69	9616.02	-12820	23924.3	81245.1	3434.45	9271.63	1037.4	1438.74	5821.92	116650	19052.6	12175.3	4.01691e+06	4603.92	7625.85	-4035.32	49375.9	2150.99	919139	18500.2	6002.04	103.61	2520.85	11418.3	1436.93	22584.6	9882.37	-2683.28	-10447.3	2908.31	107298	16689.3	137332	29896.8	2117.75	6150.36	5157.92	9899.7	524212	6618.04	2747.08	4319.79	4940.61	8898.93	36363.2	1426.81	5163.1	14855.4	9741.33	59452.5	94038	712.489	4704.91	1939.93	8828.83	4552.23	79651.6	548.307	16033.5	27124.4	-20460	33694.9	427874	14876	5395.98	14944.2	-124556	34095	605.752	17028.5
543.781	40376.2	517528	9029.79	28309.7	35312.6	3430.07	10113.4	83092.9	5518.75	56839.5	15327.2	101144	2732.89	1674.84	203.345	23734.2	1.04842e+06	14821.3	32357	11925.6	137836	3249.25	2773.92	60711.9	232944	-3013.74	642.026	76144	1710.53	9857.37	-21651.8	24636.9	84573.6	3549.88	9509.29	1065.88	1467.62	5959.19	124352	19339.3	12484.6	4.7584e+06	4753.89	7839.21	-5369.39	50060.6	2220.42	1.07255e+06	19060.8	5563.77	106.985	2582.5	11684.9	1474.28	22941.6	10044.8	-3029.68	-14235.1	3004.42	98562	16907.2	147576	30168.7	2169.29	6318.92	5239.25	9873.27	592935	6771.67	2846.27	4456.23	5053.64	9132.84	36309.8	1463.95	5290.64	15238.7	9934.43	61992.2	95776.8	735.277	4867.45	1997.02	9104.93	4668.41	81669.6	564.799	16452.9	27686.3	-27423.3	26187.6	482701	15263.5	5480.65	15206	-125605	35333	621.033	17387.3
554.976	41668.7	575623	8744.33	28931.4	36219.7	3536.64	10499.6	85682.6	5722.33	59403.1	15095	106655	2800.29	1731.35	210.519	24370.8	1.18244e+06	14961.4	33088.6	12291	143166	3332.52	2840.57	62225.8	247666	-3523.77	659.04	79334.1	1284.29	10111.4	-30195.9	25392.1	87761.7	3671.7	9826.9	1094.88	1496.83	6110.58	131926	19756.8	12890.8	5.52896e+06	4906.69	8074.09	-6500.58	51201.7	2291.03	1.234e+06	19669.1	5550.38	110.414	2646.47	11970.9	1512.36	23451	10241.8	-3177.68	-18178.5	3110.98	93835.9	17215	157288	30733.2	2221.49	6493.72	5401.23	10128.9	662883	6934.04	2949.98	4597.87	5168.17	9378.42	36725.4	1502.06	5447.84	15655.9	10141.8	64403.7	98017.6	758.442	5033.75	2055.05	9390.96	4789.99	83715.1	581.669	16950.7	28256.7	-34198.1	22898.5	538460	15681.1	5595.38	15540.2	-126655	36683.5	636.508	17789.5
566.287	43025.4	635275	8785.61	29562.5	37201.7	3647.92	10895.1	88199.3	5930.08	62051.2	15298.9	112296	2870.21	1791.69	217.819	25021.7	1.32008e+06	15236.1	33850.5	12678	148259	3417.41	2908.09	63875.9	262277	-3834	676.298	82527.5	1260.07	10371.4	-38442	26171.6	90874.2	3796.73	10176.3	1124.31	1526.35	6267.96	139513	20236.2	13336.8	6.32994e+06	5062.14	8318.69	-7420.38	52613.7	2362.8	1.40435e+06	20305.8	5661.17	113.898	2711.57	12264.5	1550.99	24040.9	10450.8	-3120.48	-22289.2	3221.47	91803.6	17566.9	166656	31425.7	2274.33	6672.2	5586.02	10481.3	734601	7100.14	3056.12	4742.47	5284.1	9629.91	37387.4	1540.76	5614.83	16091.4	10354.5	66747.1	100664	781.98	5203.24	2113.98	9683.06	4914.22	85791.7	598.803	17488.7	28834.2	-40784.8	21694.5	595605	16113.5	5718	15905.8	-127704	38104.3	652.179	18211.6
577.715	44433	696883	8937.56	30201.9	38229.5	3761.84	11299.1	90689	6141.96	64785.6	15698.1	118105	2941.48	1853.67	225.246	25684.6	1.46191e+06	15558.7	34630.4	13078.8	153219	3503.61	2976.46	65627.8	276921	-3927.53	693.792	85755.2	1293.24	10635.8	-46379.6	26969.3	93956.7	3924.31	10541.7	1154.15	1556.16	6428.89	147214	20747.9	13803.2	7.16257e+06	5220.23	8569.42	-8119.94	54195.5	2435.75	1.58442e+06	20962.8	5809.68	117.437	2777.6	12563	1590.15	24677	10665.3	-2851.05	-26579.7	3334.53	91549.6	17942	175821	32178.9	2327.83	6853.71	5779.44	10871.4	808564	7268.83	3164.37	4889.66	5401.42	9885.88	38183	1580	5786.6	16539.1	10570.4	69062.8	103645	805.891	5375.85	2173.79	9980.44	5040.46	87900.9	616.195	18050.9	29418.5	-47183.9	21467.9	654528	16555.7	5843.6	16287.1	-128753	39577.6	668.045	18645.1
589.259	45884.8	760810	9128.44	30849.3	39290.1	3877.95	11711.7	93180.3	6357.99	67608.2	16189.2	124111	3013.82	1916.9	232.799	26358.8	1.60841e+06	15900.7	35423.7	13490.3	158120	3591.05	3045.69	67460.9	291716	-3786.04	711.521	89039.6	1335.16	10904.1	-53997.8	27783.2	97041.3	4054.35	10918	1184.4	1586.28	6592.64	155101	21279	14283.5	8.02808e+06	5380.97	8825.18	-8590.04	55891.9	2509.86	1.77501e+06	21636.9	5971.13	121.03	2844.52	12865.9	1629.84	25342.7	10883.3	-2362.12	-31063.4	3449.89	92465.8	18331	184892	32965.1	2381.97	7038.13	5977.96	11280.2	885194	7439.89	3274.68	5039.36	5520.13	10145.9	39055.1	1619.78	5961.89	16996.6	10789.1	71378.9	106913	830.176	5551.58	2234.5	10283	5168.59	90043.8	633.844	18630.6	30009.6	-53396	21692.8	715577	17006.1	5971.09	16678.2	-129803	41096	684.106	19087
600.921	47377.2	827389	9334.4	31504.8	40377.4	3996.12	12132.8	95692.1	6578.18	70521.4	16728	130342	3087.2	1981.34	240.478	27044.2	1.76003e+06	16252.3	36229.1	13911.4	163013	3679.72	3115.78	69362.9	306763	-3389.68	729.487	92397.1	1379.01	11176.3	-61285.4	28612.8	100152	4186.82	11303.6	1215.07	1616.69	6759.01	163230	21824	14775.5	8.92765e+06	5544.37	9085.65	-8821.07	57673	2585.15	1.97691e+06	22326.5	6138.36	124.677	2912.33	13173	1670.04	26030	11104.2	-1646.15	-35754.8	3567.51	94159	18729.7	193958	33772.8	2436.76	7225.41	6180.72	11701.7	964887	7613.25	3387.06	5191.59	5640.24	10410.1	39974.8	1660.09	6140.38	17462.9	11010.4	73715.2	110432	854.835	5730.45	2296.1	10590.6	5298.58	92220.9	651.751	19224.9	30607.5	-59421.4	22128.6	779074	17464.3	6100.23	17076.9	-130852	42656.5	700.363	19536
612.699	48908.9	896940	9547.5	32168.3	41488.9	4116.36	12562.5	98236.4	6802.56	73527.6	17295.3	136821	3161.6	2046.96	248.284	27740.8	1.91717e+06	16610.5	37046.1	14341.6	167937	3769.62	3186.73	71326.4	322145	-2716.9	747.689	95840.6	1423.79	11452.5	-68230.6	29457.8	103306	4321.74	11697.8	1246.15	1647.42	6927.93	171646	22380.5	15278.6	9.86246e+06	5710.44	9350.75	-8803.02	59522.3	2661.62	2.1909e+06	23031.4	6309.31	128.38	2981.03	13484.2	1710.78	26735.1	11327.9	-695.374	-40669.4	3687.38	96378.9	19136.1	203089	34597.3	2492.21	7415.57	6387.53	12133.9	1.04801e+06	7788.93	3501.52	5346.34	5761.74	10678.2	40927.3	1700.93	6322.01	17937.8	11234.4	76085.9	114180	879.87	5912.47	2358.6	10903.4	5430.43	94432.5	669.917	19832.7	31212.1	-65260.8	22666.7	845319	17930.1	6230.96	17482.3	-131902	44258.3	716.816	19991.9
624.595	50479.3	969773	9765.06	32839.9	42623.3	4238.67	13001	100821	7031.14	76629.5	17882.8	143569	3237.01	2113.78	256.217	28448.6	2.0802e+06	16974.2	37874.5	14780.9	172919	3860.76	3258.54	73347.5	337941	-1744.34	766.128	99380.2	1469.38	11732.5	-74821.4	30318.4	106516	4459.11	12100.6	1277.65	1678.44	7099.4	180388	22947.4	15792.5	1.08337e+07	5879.19	9620.49	-8525.44	61431.1	2739.27	2.41782e+06	23751.4	6483.36	132.137	3050.61	13799.6	1752.04	27456.3	11554.2	393.872	-45823.9	3809.51	98967.4	19549.3	212345	35436.5	2548.3	7608.63	6598.36	12576.2	1.13494e+06	7966.92	3618.07	5503.64	5884.65	10950.4	41905.3	1742.32	6506.79	18421.1	11460.9	78502	118139	905.281	6097.65	2421.99	11221.4	5564.15	96679.3	688.341	20453.6	31823.6	-70914.5	23258.2	914602	18403.5	6363.29	17894.1	-132951	45901.3	733.464	20454.5
636.607	52088.6	1.04619e+06	9986.19	33519.5	43780.5	4363.05	13448.2	103453	7263.97	79829.7	18487	150609	3313.46	2181.8	264.276	29167.8	2.24948e+06	17343.1	38714.4	15229.3	177982	3953.14	3331.22	75424.2	354220	-446.642	784.805	103025	1515.76	12016.5	-81045.2	31194.8	109795	4598.96	12512.1	1309.58	1709.77	7273.44	189489	23524.5	16317.4	1.18426e+07	6050.63	9894.89	-7977.49	63395	2818.1	2.65848e+06	24486.6	6660.36	135.949	3121.1	14119.3	1793.83	28192.8	11783.3	459.18	-51236.3	3933.94	101825	19969.1	221775	36289.9	2605.05	7804.59	6813.21	13028.5	1.22601e+06	8147.24	3736.72	5663.49	6008.97	11226.7	42904.9	1784.24	6694.72	18912.9	11690.1	80971.5	122301	931.068	6286.02	2486.29	11544.7	5699.74	98961.5	707.024	21087.5	32441.9	-76383.1	23880.8	987205	18884.6	6497.22	18312.2	-134000	47585.9	750.308	20923.8
648.737	53737.2	1.1265e+06	10210.6	34207.3	44960.5	4489.53	13904.2	106136	7501.05	83131	19106.4	157960	3390.94	2251.02	272.462	29898.4	2.42536e+06	17717	39565.8	15686.9	183141	4046.78	3404.76	77555.6	371046	669.29	803.719	106782	1562.93	12304.5	-86889.1	32087	113149	4741.3	12932.2	1341.92	1741.4	7450.07	198980	24111.4	16853.2	1.28903e+07	6224.77	10174	-7147.82	65411.8	2898.12	2.91375e+06	25237.2	6840.27	139.816	3192.48	14443.1	1836.16	28944.3	12015.2	473.364	-56925.8	4060.66	104889	20395.2	231426	37157.2	2662.46	8003.49	7032.13	13490.9	1.32158e+06	8329.9	3857.47	5825.9	6134.7	11507.1	43924.3	1826.71	6885.84	19413.2	11921.9	83501.3	126660	957.232	6477.58	2551.49	11873.1	5837.22	101280	725.967	21734.4	33067.2	-81667.1	24524.6	1.06341e+06	19373.5	6632.75	18736.7	-135050	49312.7	767.349	21399.9
660.985	55425.8	1.211e+06	10438.2	34903.3	46163.3	4618.11	14369.1	108872	7742.42	86536.4	19740.5	165643	3469.46	2321.46	280.774	30640.5	2.60816e+06	18096	40428.9	16153.9	188409	4141.67	3479.17	79741.9	388481	755.785	822.872	110658	1610.89	12596.5	-92339.7	32995.3	116587	4886.16	13361.2	1374.68	1773.34	7629.3	208892	24708.4	17400.2	1.39781e+07	6401.62	10457.8	-6024.64	67480.9	2979.33	3.18451e+06	26003.3	7023.1	143.737	3264.76	14771.2	1879.01	29710.8	12249.7	485.002	-62913.1	4189.69	108120	20827.7	241336	38038.4	2720.52	8205.34	7255.14	13963.4	1.42201e+06	8514.91	3980.34	5990.9	6261.84	11791.7	44962.6	1869.72	7080.17	19922.1	12156.4	86096.9	131213	983.775	6672.36	2617.6	12206.8	5976.6	103634	745.169	22394.5	33699.3	-84619.7	25185	1.14348e+06	19870.1	6769.89	19167.6	-136099	51082.6	784.586	21882.7
673.349	57155.1	1.3e+06	10669	35607.6	47389.5	4748.82	14842.9	111665	7988.1	90048.9	20389.2	173680	3549.02	2393.12	289.214	31394.4	2.79821e+06	18480.1	41303.6	16630.3	193799	4237.82	3554.46	81983.4	406586	776.553	842.264	114660	1659.65	12892.5	-97383	33919.8	120114	5033.54	13799.1	1407.86	1805.58	7811.16	219255	25315.4	17958.4	1.51073e+07	6581.19	10746.4	-4595.67	69602.2	3061.73	3.4717e+06	26785.2	7208.87	147.713	3337.95	15103.6	1922.4	30492.4	12487.1	496.639	-67405.5	4321.05	111495	21266.6	251544	38933.4	2779.23	8410.15	7482.27	14446.2	1.52765e+06	8702.29	4105.34	6158.48	6390.4	12080.4	46019.5	1913.28	7277.73	20439.8	12393.5	88763.2	135963	1010.7	6870.36	2684.61	12545.9	6117.89	106025	764.631	23068	34338.4	-84960.3	25859.9	1.22772e+06	20374.6	6908.65	19604.9	-137149	52896.1	802.02	22372.4
685.831	58926	1.39381e+06	10903	36320.1	48639.2	4881.66	15325.8	114518	8238.11	93671.7	21052.5	182094	3629.63	2466.01	297.781	32159.9	2.99581e+06	18869.3	42190.1	17116.2	199320	4335.24	3630.62	84281.3	425419	793.116	861.895	118795	1709.2	13192.5	-102005	34860.7	123737	5183.47	14245.9	1441.46	1838.13	7995.65	230100	25932.5	18528.1	1.62792e+07	6763.5	11039.8	-2848.08	71776.5	3145.32	3.77627e+06	27583.2	7397.6	151.744	3412.04	15440.2	1966.33	31289.4	12727.2	508.41	-67660.8	4454.76	114997	21711.8	262082	39842.6	2838.61	8617.95	7713.57	14939.4	1.63886e+06	8892.04	4232.48	6328.68	6520.39	12373.3	47094.9	1957.38	7478.55	20966.2	12633.3	91504.5	140911	1037.99	7071.62	2752.54	12890.2	6261.09	108454	784.354	23755	34984.5	-85300.8	26548.5	1.31639e+06	20887.1	7049.04	20048.7	-138198	54754.3	819.65	22868.9
698.431	60739.3	1.49277e+06	11140.2	37040.9	49912.9	5016.66	15817.8	117431	8492.48	97408	21730.6	190906	3711.29	2540.14	306.475	32937.4	3.20128e+06	19263.6	43088.5	17612	204980	4433.94	3707.66	86636.7	445040	809.56	881.767	123069	1759.55	13496.6	-106190	35818.2	127462	5335.96	14701.9	1475.49	1870.98	8182.82	241458	26560	19109.3	1.7495e+07	6948.56	11338.1	-768.536	74004.4	3230.11	4.09924e+06	28397.4	7589.32	155.83	3487.05	15781.2	2010.79	32102	12970.1	520.323	-67916	4590.84	118620	22163.6	272985	40765.9	2898.64	8828.76	7949.05	15443.1	1.75602e+06	9084.18	4361.76	6501.49	6651.8	12670.5	48189.1	2002.03	7682.65	21501.5	12875.7	94325.2	146062	1065.67	7276.13	2821.38	13240	6406.22	110920	804.338	24455.7	35637.5	-85641.3	27250.5	1.40979e+06	21407.5	7191.06	20499.1	-139247	56657.9	837.478	23372.4
711.148	62596.1	1.59719e+06	11380.7	37770	51211	5153.82	16319	120406	8751.24	101261	22423.8	200142	3794.01	2615.5	315.296	33726.9	3.41494e+06	19663.1	43998.9	18117.6	210787	4533.92	3785.57	89051	465509	826.159	901.878	127488	1810.71	13804.8	-109923	36792.4	131292	5491.03	15167.2	1509.94	1904.14	8372.67	253361	27197.8	19702.2	1.87562e+07	7136.37	11641.3	995.691	76287.2	3316.11	4.44167e+06	29228.2	7784.04	159.97	3562.97	16126.5	2055.79	32930.5	13215.8	532.378	-68171.3	4729.29	122358	22621.9	284286	41703.7	2959.33	9042.59	8188.77	15957.5	1.87951e+06	9278.72	4493.2	6676.93	6784.63	12971.9	49302	2047.23	7890.05	22045.9	13120.9	97229.1	151422	1093.73	7483.93	2891.13	13595.1	6553.29	113424	824.583	25170.4	36297.7	-85981.8	27965.8	1.5082e+06	21936.1	7334.71	20956.1	-140297	58607.8	855.502	23882.9
723.983	64497.3	1.70741e+06	11624.4	38507.6	52534	5293.16	16829.4	123447	9014.41	105235	23132.3	209827	3877.8	2692.11	324.244	34528.5	3.63709e+06	20067.9	44921.3	18633.3	216749	4635.19	3864.37	91525.7	486886	842.931	922.231	132059	1862.67	14117.1	-113188	37783.6	135233	5648.7	15641.8	1544.81	1937.61	8565.23	265844	27846.1	20306.9	2.00641e+07	7326.94	11949.4	1154.49	78625.9	3403.31	4.80465e+06	30075.8	7981.8	164.166	3639.81	16476.2	2101.32	33775.1	13464.4	544.575	-68426.6	4870.13	126210	23086.9	296015	42655.9	3020.68	9259.47	8432.75	16482.6	2.00972e+06	9475.68	4626.8	6855.01	6918.9	13277.6	50434.1	2092.99	8100.8	22599.4	13368.8	100220	156998	1122.17	7695.02	2961.81	13955.7	6702.31	115966	845.09	25899.1	36964.8	-86322.3	28694.6	1.61194e+06	22472.8	7480.02	21419.8	-141346	60604.9	873.724	24400.5
736.936	66444	1.82379e+06	11871.4	39253.6	53882.1	5434.69	17349.2	126553	9282.01	109333	23856.2	219988	3962.66	2769.98	333.32	35342.3	3.86803e+06	20478	45855.8	19159.3	222873	4737.75	3944.05	94062.5	509236	859.879	942.825	136789	1915.45	14433.6	-115969	38791.9	139291	5808.98	16125.9	1580.11	1971.38	8760.51	278944	28505.2	20923.7	2.14203e+07	7520.3	12262.5	1187.98	81021.8	3491.71	5.18934e+06	30940.4	8182.62	168.416	3717.58	16830.2	2147.4	34636.1	13715.8	556.915	-68681.9	5013.39	130174	23558.5	308206	43622.9	3082.69	9479.41	8681.03	17018.7	2.14706e+06	9675.06	4762.59	7035.76	7054.61	13587.6	51585.5	2139.29	8314.9	23162.1	13619.4	103303	162799	1151	7909.43	3033.4	14321.7	6853.29	118547	865.859	26642.1	37639.1	-86662.8	29437	1.72131e+06	23017.7	7626.98	21890.3	-142396	62650.2	892.143	24925.2
750.006	68437.3	1.94669e+06	12121.8	40008	55255.9	5578.44	17878.3	129728	9554.08	113559	24596	230653	4048.6	2849.11	342.524	36168.5	4.10809e+06	20893.4	46802.7	19695.6	229165	4841.61	4024.62	96663.2	532624	877.002	963.66	141685	1969.04	14754.2	-118249	39817.5	143471	5971.9	16619.6	1615.84	2005.46	8958.55	292700	29175	21552.7	2.28261e+07	7716.44	12580.6	1211.44	83476.4	3581.33	5.59698e+06	31822.4	8386.51	172.721	3796.27	17188.6	2194.02	35513.8	13970	569.397	-68937.2	5159.08	134253	24036.9	320892	44604.7	3145.36	9702.43	8933.64	17565.9	2.29195e+06	9876.88	4900.56	7219.17	7191.76	13902	52756.5	2186.15	8532.38	23734.1	13872.7	106481	168833	1180.2	8127.17	3105.92	14693.2	7006.24	121168	886.89	27399.6	38320.5	-87003.3	30193.2	1.83662e+06	23571	7775.6	22367.7	-143445	64744.6	910.76	25457
763.195	70478.2	2.07648e+06	12375.5	40771	56655.8	5724.4	18417	132972	9830.63	117916	25351.8	241855	4135.63	2929.51	351.855	37007.2	4.35758e+06	21314.1	47761.8	20242.5	235634	4946.78	4106.07	99329.6	557117	894.301	984.739	146755	2023.45	15079	-120009	40860.7	147777	6137.48	17123	1652	2039.85	9159.36	307153	29855.7	22194	2.42831e+07	7915.39	12903.8	1234.26	85991	3672.16	6.02882e+06	32722	8593.52	177.081	3875.89	17551.5	2241.19	36408.6	14227.1	582.022	-69192.4	5307.21	138447	24522.2	334106	45601.5	3208.7	9928.56	9190.62	18124.3	2.44482e+06	10081.1	5040.73	7405.27	7330.35	14220.8	53947.5	2233.57	8753.28	24315.5	14128.8	109758	175111	1209.79	8348.25	3179.37	15070.3	7161.18	123829	908.184	28171.9	39009.1	-87343.9	30963.4	1.95821e+06	24132.6	7925.89	22851.9	-144495	66889.1	929.574	25996.1
776.501	72567.9	2.21355e+06	12632.6	41542.6	58082.3	5872.61	18965.2	136289	10111.7	122410	26124	253624	4223.74	3011.19	361.314	37858.5	4.61681e+06	21740.3	48733.4	20800.1	242286	5053.26	4188.42	102064	582787	911.776	1006.06	152006	2078.68	15408	-121232	41921.6	152215	6305.72	17636.2	1688.58	2074.55	9362.96	322349	30547.5	22847.8	2.57929e+07	8117.15	13232.2	1257.24	88567.1	3764.2	6.48622e+06	33639.5	8803.66	181.497	3956.44	17918.8	2288.9	37320.8	14487.2	594.79	-69447.7	5457.81	142760	25014.5	347882	46613.5	3272.7	10157.8	9452.01	18694	2.60612e+06	10287.9	5183.11	7594.07	7470.39	14544	55158.7	2281.55	8977.62	24906.5	14387.6	113140	181644	1239.76	8572.7	3253.74	15452.9	7318.1	126530	929.741	28959.1	39704.9	-87684.4	31747.7	2.08641e+06	24702.7	8077.86	23343.1	-145544	69084.6	948.587	26542.5
789.926	74707.6	2.35831e+06	12893.1	42322.7	59535.9	6023.08	19523	139679	10397.3	127045	26912.9	265996	4312.94	3094.14	370.9	38722.6	4.8861e+06	22171.9	49717.6	21368.6	249129	5161.07	4271.66	104868	609708	929.427	1027.62	157448	2134.73	15741.3	-121898	43000.4	156791	6476.66	18159.4	1725.6	2109.55	9569.38	338334	31250.6	23514.3	2.7357e+07	8321.73	13565.6	1280.44	91206.2	3857.47	6.9706e+06	34575.1	9016.97	185.967	4037.93	18290.6	2337.16	38250.7	14750.1	607.7	-69703	5610.88	147194	25513.7	362257	47640.9	3337.36	10390.2	9717.85	19275.3	2.77633e+06	10497.1	5327.71	7785.58	7611.88	14871.6	56390.5	2330.08	9205.43	25507.1	14649.2	116630	188445	1270.11	8800.54	3329.05	15841.1	7477.03	129272	951.562	29761.4	40407.9	-88024.9	32546.6	2.22158e+06	25281.3	8231.52	23841.4	-146593	71332.4	967.797	27096.3
803.469	76898.5	2.51117e+06	13157	43111.5	61017	6175.82	20090.5	143144	10687.5	131824	27718.6	279008	4403.25	3178.39	380.614	39599.5	5.16579e+06	22609	50714.4	21948.2	256170	5270.2	4355.8	107744	637959	947.254	1049.43	163088	2191.62	16078.8	-121987	44097.3	161511	6650.31	18692.7	1763.05	2144.87	9778.63	355161	31965	24193.6	2.89771e+07	8529.15	13904.3	1303.86	93910.1	3951.96	7.48343e+06	35529.3	9233.46	190.492	4120.36	18666.8	2385.96	39198.6	15016	620.754	-69958.3	5766.46	151753	26020.1	377268	48683.9	3402.69	10625.8	9988.16	19868.3	2.95593e+06	10708.8	5474.54	7979.82	7754.83	15203.7	57643.1	2379.18	9436.74	26117.6	14913.6	120234	195527	1300.85	9031.77	3405.29	16234.9	7637.97	132055	973.647	30579.2	41118.1	-88365.4	33360.1	2.36406e+06	25868.5	8386.86	24346.7	-147643	73633.3	987.206	27657.5
817.13	79142	2.67257e+06	13424.4	43909	62526.1	6330.85	20667.9	146687	10982.3	136752	28541.6	292701	4494.66	3263.94	390.457	40489.4	5.45619e+06	23051.7	51723.9	22539.1	263418	5380.66	4440.83	110694	667622	965.258	1071.48	168936	2249.33	16420.6	-121480	45212.5	166380	6826.69	19236.3	1800.93	2180.49	9990.75	372886	32690.9	24885.9	3.0655e+07	8739.41	14248.2	1327.49	96680.2	4047.67	8.02629e+06	36502.2	9453.16	195.072	4203.73	19047.6	2435.32	40165	15284.8	633.952	-70213.5	5924.55	156440	26533.6	392955	49742.6	3468.69	10864.5	10263	20473	3.14542e+06	10923	5623.61	8176.79	7899.24	15540.3	58916.9	2428.84	9671.56	26737.9	15180.8	123956	202903	1331.98	9266.42	3482.46	16634.4	7800.93	134880	995.995	31412.5	41835.7	-88705.9	34188.5	2.51424e+06	26464.5	8543.91	24859.3	-148692	75988.5	1006.81	28226.1
830.909	81439.2	2.84297e+06	13695.3	44715.2	64063.9	6488.18	21255.1	150309	11281.7	141835	29382.1	307115	4587.19	3350.8	400.427	41392.4	5.75764e+06	23500	52746.2	23141.5	270880	5492.47	4526.76	113721	698784	983.439	1093.78	175001	2307.88	16766.7	-120356	46346.3	171406	7005.81	19790.2	1839.24	2216.42	10205.8	391568	33428.5	25591.5	3.23923e+07	8952.53	14597.5	1351.36	99518.4	4144.62	8.60082e+06	37494.3	9676.11	199.707	4288.05	19432.9	2485.22	41150.1	15556.6	647.292	-70468.8	6085.17	161260	27054.5	409359	50817.3	3535.36	11106.5	10542.4	21089.7	3.34534e+06	11139.7	5774.93	8376.52	8045.11	15881.5	60212.3	2479.07	9909.94	27368.2	15450.8	127803	210590	1363.49	9504.51	3560.58	17039.5	7965.94	137747	1018.61	32261.7	42560.5	-89046.4	35032.1	2.67251e+06	27069.2	8702.67	25379.2	-149742	78399.2	1026.62	28802.4
844.807	83791.7	3.02283e+06	13969.7	45530.3	65630.7	6647.83	21852.2	154013	11585.7	147077	30240.6	322297	4680.83	3438.96	410.526	42308.8	6.07049e+06	23953.9	53781.5	23755.5	278565	5605.62	4613.6	116827	731537	1001.8	1116.33	181295	2367.28	17117.1	-118592	47498.8	176594	7187.71	20354.6	1877.98	2252.67	10423.7	411271	34177.9	26310.4	3.41909e+07	9168.53	14952	1375.44	102427	4242.79	9.20875e+06	38505.7	9902.33	204.398	4373.33	19822.8	2535.68	42154.3	15831.3	660.776	-70724.1	6248.35	166216	27582.7	426524	51908	3602.7	11351.7	10826.4	21718.6	3.55623e+06	11359	5928.51	8579.02	8192.45	16227.2	61529.6	2529.86	10151.9	28008.7	15723.6	131779	218604	1395.39	9746.05	3639.64	17450.4	8132.99	140658	1041.49	33126.9	43292.7	-89386.9	35891.1	2.83927e+06	27682.7	8863.14	25906.4	-150791	80866.5	1046.62	29386.2
858.824	86200.7	3.21264e+06	14247.6	46354.1	67227.2	6809.81	22459.4	157801	11894.5	152484	31117.1	338294	4775.6	3528.45	420.753	43238.5	6.39509e+06	24413.5	54829.8	24381.4	286483	5720.12	4701.34	120015	765977	1020.33	1139.11	187828	2427.51	17471.9	-116166	48670.3	181953	7372.39	20929.7	1917.17	2289.22	10644.5	432065	34939.3	27042.9	3.60527e+07	9387.4	15312	1399.75	105406	4342.2	9.85191e+06	39536.9	10131.8	209.143	4459.56	20217.3	2586.7	43178.1	16109.1	674.404	-70979.4	6414.1	171312	28118.3	444495	53015.1	3670.7	11600.1	11115	22359.8	3.77867e+06	11580.8	6084.36	8784.31	8341.25	16577.5	62869.2	2581.23	10397.5	28659.4	15999.3	135891	226962	1427.68	9991.06	3719.64	17867.1	8302.09	143611	1064.63	34008.4	44032.3	-89727.5	36765.8	3.01492e+06	28305.2	9025.33	26441	-151840	83391.5	1066.83	29977.7
872.959	88667.7	3.41291e+06	14529.2	47186.8	68853.8	6974.15	23076.7	161675	12207.9	158061	32012.3	355160	4871.5	3619.26	431.108	44181.7	6.73177e+06	24878.8	55891.3	25019.4	294643	5835.99	4789.99	123287	802208	1039.04	1162.15	194612	2488.59	17831.1	-113054	49861	187489	7559.89	21515.5	1956.78	2326.09	10868.3	454027	35712.9	27789.1	3.79795e+07	9609.17	15677.4	1424.28	108460	4442.85	1.05322e+07	40588.2	10364.7	213.943	4546.74	20616.4	2638.26	44221.8	16389.9	688.176	-71234.7	6582.43	176554	28661.6	463322	54138.6	3739.38	11851.8	11408.3	23013.4	4.01326e+06	11805.1	6242.5	8992.38	8491.54	16932.5	64231.4	2633.16	10646.7	29320.4	16277.8	140145	235684	1460.35	10239.6	3800.59	18289.5	8473.27	146609	1088.04	34906.5	44779.4	-90068	37656.5	3.19992e+06	28936.8	9189.26	26983.1	-152890	85975.5	1087.23	30577
887.212	91194.3	3.62419e+06	14814.4	48028.5	70511.3	7140.86	23704.2	165638	12526.1	163814	32926.3	372948	4968.54	3711.41	441.592	45138.7	7.08092e+06	25349.9	56966	25669.6	303054	5953.22	4879.55	126647	840336	1057.93	1185.43	201659	2550.52	18194.8	-109233	51071.2	193211	7750.21	22112.3	1996.84	2363.27	11095.1	477236	36498.7	28549.3	3.99734e+07	9833.85	16048.3	1449.03	111589	4544.74	1.12517e+07	41659.8	10600.9	218.799	4634.89	21020.1	2690.39	45285.9	16673.8	702.092	-71489.9	6753.37	181946	29212.4	483055	55278.9	3808.73	12106.8	11706.3	23679.7	4.26062e+06	12032	6402.94	9203.27	8643.3	17292.2	65616.6	2685.66	10899.5	29992	16559.2	144548	244790	1493.42	10491.6	3882.49	18717.8	8646.53	149651	1111.72	35821.5	45533.8	-90408.5	38563.3	3.39469e+06	29577.4	9354.93	27532.8	-153939	88619.9	1107.83	31184.1
901.585	93782	3.84702e+06	15103.2	48879.1	72200.1	7309.95	24342	169691	12849	169748	33859.5	391719	5066.72	3804.91	452.204	46109.5	7.4429e+06	25826.9	58054.1	26332.4	311728	6071.83	4970.02	130098	880477	1077	1208.96	208982	2613.31	18562.8	-104677	52300.9	199127	7943.38	22720.1	2037.33	2400.76	11324.9	501782	37297	29323.7	4.20363e+07	10061.4	16424.7	1474.01	114796	4647.88	1.20125e+07	42752.3	10840.4	223.71	4724.01	21428.5	2743.07	46370.7	16960.7	716.152	-71745.2	6926.94	187494	29771	503749	56436	3878.75	12365.1	12009.1	24358.7	4.5214e+06	12261.6	6565.68	9416.99	8796.55	17656.6	67025.1	2738.74	11156.1	30674.2	16843.4	149108	254301	1526.87	10747.1	3965.35	19151.9	8821.89	152739	1135.66	36753.4	46295.8	-90749	39486.7	3.59972e+06	30227.2	9522.35	28090.2	-154989	91325.8	1128.63	31799.1
916.076	96432.4	4.08197e+06	15395.7	49738.7	73920.9	7481.45	24990.2	173838	13176.7	175870	34812.3	411535	5166.06	3899.75	462.945	47094.2	7.81807e+06	26309.7	59155.7	27007.8	320675	6191.82	5061.41	133642	922750	1096.25	1232.74	216596	2676.95	18935.4	-99360.2	53550.6	205246	8139.42	23339.2	2078.26	2438.56	11557.7	527759	38108	30112.4	4.41703e+07	10292	16806.7	1499.22	118082	4752.26	1.28169e+07	43865.8	11083.4	228.676	4814.1	21841.5	2796.32	47476.7	17250.7	730.356	-72000.5	7103.15	193202	30337.4	525461	57610.3	3949.45	12626.8	12316.7	25050.8	4.79629e+06	12493.7	6730.73	9633.54	8951.28	18025.7	68457.4	2792.4	11416.4	31367.2	17130.6	153831	264242	1560.71	11006.2	4049.15	19592	8999.35	155872	1159.87	37702.7	47065.3	-91089.5	40426.8	3.81548e+06	30886.4	9691.52	28655.3	-156038	94094.5	1149.64	32422
930.686	99147.2	4.32967e+06	15691.9	50607.4	75674.2	7655.36	25648.8	178080	13509.3	182187	35785	432464	5266.54	3995.95	473.814	48093.1	8.20684e+06	26798.4	60270.8	27696.3	329908	6313.2	5153.71	137283	967282	1115.67	1256.76	224516	2741.45	19312.4	-93255.9	54820.3	211576	8338.36	23969.6	2119.63	2476.67	11793.6	555270	38931.7	30915.6	4.63776e+07	10525.4	17194.3	1524.65	121451	4857.9	1.36672e+07	45000.8	11329.8	233.697	4905.16	22259.3	2850.12	48604.4	17543.7	744.705	-72255.8	7282.03	199077	30911.8	548253	58801.8	4020.83	12891.8	12629.1	25756	5.08598e+06	12728.4	6898.12	9852.95	9107.5	18399.6	69913.9	2846.63	11680.5	32071	17420.6	158727	274637	1594.95	11268.8	4133.92	20037.9	9178.92	159051	1184.35	38669.6	47842.3	-91430	41384	4.04248e+06	31554.9	9862.45	29228.3	-157088	96927.6	1170.84	33052.9
945.416	101928	4.59072e+06	15991.9	51485.2	77460.9	7831.72	26317.9	182422	13846.7	188704	36778.1	454579	5368.2	4093.52	484.812	49106.2	8.60959e+06	27293.2	61399.6	28397.8	339437	6435.98	5246.94	141024	1.01421e+06	1135.27	1281.04	232757	2806.82	19694	-86336.3	56110.4	218130	8540.2	24611.6	2161.45	2515.1	12032.5	584427	39768.5	31733.6	4.86605e+07	10761.8	17587.7	1550.3	124904	4964.78	1.45659e+07	46157.7	11579.7	238.773	4997.19	22681.8	2904.49	49754.1	17839.9	759.198	-72511	7463.59	205124	31494.1	572189	60010.9	4092.87	13160.2	12946.4	26474.6	5.39123e+06	12965.7	7067.84	10075.2	9265.22	18778.3	71395	2901.44	11948.3	32785.9	17713.6	163804	285512	1629.57	11535.1	4219.65	20489.9	9360.62	162277	1209.09	39654.3	48626.9	-91770.5	42358.6	4.28125e+06	32232.8	10035.2	29809.2	-158137	99826.4	1192.24	33691.9
960.264	104777	4.8658e+06	16295.6	52372.1	79281.4	8010.53	26997.7	186865	14189	195430	37791.9	477955	5471.02	4192.47	495.94	50133.8	9.02673e+06	27793.9	62542.2	29112.9	349277	6560.15	5341.09	144870	1.06367e+06	1155.05	1305.56	241336	2873.06	20080.1	-78572.4	57421.1	224915	8744.99	25265.3	2203.7	2553.84	12274.6	615351	40618.4	32566.6	5.10211e+07	11001.2	17986.7	1576.18	128443	5072.93	1.55156e+07	47336.8	11833.1	243.905	5090.21	23109	2959.42	50926.5	18139.3	773.836	-72766.3	7647.85	211350	32084.6	597338	61237.7	4165.6	13432	13268.6	27206.6	5.71281e+06	13205.7	7239.92	10300.4	9424.44	19161.9	72901.1	2956.84	12220	33512	18009.5	169072	296898	1664.59	11804.9	4306.34	20947.8	9544.47	165551	1234.11	40657.2	49419.2	-92111.1	43350.9	4.53232e+06	32920.3	10209.7	30398	-159186	102792	1213.84	34339.1
975.231	107696	5.15559e+06	16603.1	53268.2	81136.5	8191.81	27688.2	191413	14536.2	202370	38826.9	502676	5575.01	4292.8	507.196	51175.9	9.45866e+06	28300.8	63698.7	29841.5	359441	6685.74	5436.16	148824	1.11582e+06	1175.01	1330.34	250271	2940.17	20470.8	-69934.6	58752.6	231945	8952.72	25930.8	2246.4	2592.9	12519.7	648171	41481.6	33414.7	5.34619e+07	11243.6	18391.6	1602.28	132073	5182.34	1.65192e+07	48538.5	12090.1	249.092	5184.22	23541.1	3014.92	52121.9	18441.8	788.62	-73021.6	7834.83	217761	32683.4	623773	62482.5	4239.01	13707.2	13595.7	27952.4	6.05153e+06	13448.3	7414.36	10528.5	9585.16	19550.3	74432.5	3012.81	12495.5	34249.3	18308.3	174540	308826	1700	12078.4	4393.99	21411.8	9730.47	168872	1259.39	41678.4	50219.1	-92451.6	44361.2	4.79626e+06	33617.5	10385.9	30995	-160236	105827	1235.64	34994.5
990.318	110686	5.4608e+06	16914.5	54173.6	83026.8	8375.58	28389.6	196068	14888.3	209534	39883.4	528828	5680.19	4394.51	518.581	52232.7	9.90582e+06	28813.8	64869.2	30584.1	369944	6812.75	5532.16	152890	1.17081e+06	1195.15	1355.36	259582	3008.15	20866.2	-60391.8	60105.3	239231	9163.44	26608.4	2289.55	2632.27	12768.1	683030	42358.4	34278.3	5.59852e+07	11489	18802.2	1628.61	135793	5293.01	1.75795e+07	49763.2	12350.5	254.334	5279.21	23977.9	3070.99	53340.9	18747.4	803.548	-73276.9	8024.56	224364	33290.4	651571	63745.5	4313.09	13985.9	13927.9	28712.2	6.40823e+06	13693.6	7591.17	10759.4	9747.38	19943.7	75989.9	3069.37	12774.9	34998.1	18610.1	180220	321327	1735.81	12355.5	4482.62	21881.9	9918.63	172243	1284.94	42718.4	51026.7	-92792.1	45389.8	5.07367e+06	34324.4	10564	31600.1	-161285	108932	1257.64	35658.2
1005.52	113750	5.78218e+06	17229.8	55088.3	84953.2	8561.86	29101.8	200834	15245.4	216929	40961.8	556507	5786.56	4497.63	530.096	53304.4	1.03686e+07	29333	66053.9	31340.9	380801	6941.18	5629.09	157072	1.22882e+06	1215.47	1380.64	269290	3077.02	21266.1	-49912.2	61479.3	246786	9377.15	27298.1	2333.14	2671.96	13019.6	720080	43249	35157.5	5.85936e+07	11737.3	19218.8	1655.17	139609	5404.95	1.86995e+07	51011.4	12614.6	259.632	5375.2	24419.6	3127.63	54583.9	19056.3	818.621	-73532.2	8217.05	231165	33905.9	680814	65026.8	4387.86	14268	14265.2	29486	6.78381e+06	13941.6	7770.37	10993.4	9911.12	20342.1	77573.6	3126.52	13058.3	35758.4	18914.9	186123	334440	1772	12636.2	4572.22	22358.1	10109	175662	1310.76	43777.3	51842	-93132.6	46437.1	5.36515e+06	35041.1	10743.9	32213.5	-162335	112108	1279.85	36330.3
1020.85	116890	6.12051e+06	17549	56012.3	86916.3	8750.66	29825	205715	15607.6	224562	42062.6	585811	5894.12	4602.15	541.74	54391.2	1.08475e+07	29858.4	67252.8	32112.1	392028	7071.04	5726.95	161376	1.29001e+06	1235.97	1406.16	279415	3146.77	21670.8	-38462.7	62874.9	254623	9593.89	28000.2	2377.17	2711.96	13274.3	759488	44153.4	36052.6	6.12897e+07	11988.7	19641.3	1681.95	143522	5518.16	1.98827e+07	52283.4	12882.3	264.985	5472.18	24866.1	3184.84	55851.6	19368.4	833.84	-73787.4	8412.33	238174	34530	711587	66326.8	4463.3	14553.7	14607.5	30274.1	7.17918e+06	14192.3	7951.96	11230.2	10076.4	20745.5	79184	3184.25	13345.5	36530.5	19222.7	192262	348201	1808.6	12920.7	4662.79	22840.4	10301.5	179132	1336.85	44855.5	52665.1	-93473.1	47503.5	5.67135e+06	35767.7	10925.6	32835.3	-163384	115358	1302.25	37010.8
1036.29	120108	6.47661e+06	17872.1	56945.7	88916.9	8942.01	30559.3	210712	15974.7	232444	43186.3	616846	6002.88	4708.09	553.513	55493.2	1.1343e+07	30390.2	68466.1	32898.1	403643	7202.34	5825.75	165805	1.35457e+06	1256.64	1431.94	289982	3217.41	22080.1	-26009	64292.3	262757	9813.67	28714.8	2421.66	2752.28	13532.3	801431	45072	36963.8	6.4076e+07	12243.1	20069.9	1708.96	147535	5632.64	2.11323e+07	53579.6	13153.7	270.393	5570.17	25317.5	3242.62	57144.6	19683.7	849.204	-74042.7	8610.41	245397	35162.7	743984	67645.7	4539.43	14842.8	14955	31076.8	7.59531e+06	14445.7	8135.97	11470	10243.1	21153.9	80821.7	3242.58	13636.8	37314.5	19533.4	198650	362652	1845.59	13208.8	4754.34	23329	10496.2	182652	1363.21	45953.3	53495.9	-93813.6	48589.1	5.99293e+06	36504.4	11109.1	33465.5	-164433	118683	1324.86	37699.8
1051.86	123406	6.85133e+06	18199.2	57888.6	90955.8	9135.93	31304.8	215831	16346.9	240582	44333.2	649727	6112.86	4815.45	565.415	56610.6	1.18555e+07	30928.3	69693.8	33699	415663	7335.09	5925.48	170365	1.42269e+06	1277.5	1457.98	301016	3288.94	22494.2	-12515.6	65732	271202	10036.5	29442.1	2466.59	2792.91	13793.5	846105	46004.9	37891.4	6.69553e+07	12500.6	20504.4	1736.2	151651	5748.4	2.2452e+07	54900.6	13428.8	275.856	5669.16	25773.8	3300.97	58463.2	20002.3	864.714	-74298	8811.31	252842	35804.2	778102	68983.7	4616.24	15135.5	15307.7	31894.1	8.03323e+06	14701.8	8322.39	11712.8	10411.4	21567.4	82487.1	3301.49	13932.1	38110.5	19847.2	205300	377839	1882.97	13500.7	4846.86	23823.8	10693.2	186224	1389.84	47071	54334.6	-94114.3	49694.5	6.33058e+06	37251.2	11294.4	34104.3	-165483	122085	1347.66	38397.4
1067.54	126786	7.24556e+06	18530.4	58841	93033.8	9332.42	32061.6	221075	16724.2	248987	45503.9	684572	6224.05	4924.25	577.448	57743.5	1.23854e+07	31472.8	70936.2	34515.2	428110	7469.3	6026.16	175061	1.49459e+06	1298.54	1484.26	312544	3361.36	22913	2054.24	67194	279976	10262.5	30182.3	2511.97	2833.86	14058.1	893719	46952.3	38835.5	6.99304e+07	12761.1	20945.1	1763.66	155873	5865.44	2.38455e+07	56246.8	13707.5	281.375	5769.16	26235.1	3359.9	59808.3	20324.2	880.37	-74553.3	9015.06	260520	36454.6	814043	70341	4693.74	15431.8	15665.6	32726.4	8.49399e+06	14960.7	8511.25	11958.6	10581.3	21986	84180.7	3361	14231.4	38918.7	20164	212230	393808	1920.76	13796.3	4940.38	24324.8	10892.3	189848	1416.74	48208.9	55181.2	-94244	50820	6.68502e+06	38008.2	11481.6	34751.7	-166532	125566	1370.67	39103.7
1083.35	130252	7.66023e+06	18865.6	59802.9	95151.8	9531.52	32829.8	226447	17106.7	257668	46698.8	721511	6336.46	5034.48	589.609	58892.1	1.29334e+07	32023.7	72193.2	35347	441002	7604.96	6127.77	179898	1.57047e+06	1319.76	1510.8	324593	3434.69	23336.6	17068.8	68678.8	289095	10491.5	30935.5	2557.8	2875.13	14325.9	944500	47914.4	39796.5	7.30042e+07	13024.6	21392	1791.35	160206	5983.76	2.53168e+07	57618.6	13990.1	286.95	5870.17	26701.3	3419.41	61180.3	20649.3	896.172	-74808.6	9221.68	268438	37113.9	851917	71717.9	4771.92	15731.7	16028.8	33573.9	8.97869e+06	15222.3	8702.55	12207.4	10752.6	22409.7	85903.1	3421.11	14534.8	39739.2	20483.9	219455	410612	1958.94	14095.6	5034.87	24832.1	11093.8	193525	1443.91	49367.3	56035.7	-94203	51966	7.05701e+06	38775.5	11670.7	35407.8	-167582	129127	1393.88	39818.8
1099.27	133805	8.09631e+06	19204.8	60774.4	97310.5	9733.24	33609.4	231952	17494.2	266635	47918.5	760680	6450.1	5146.16	601.901	60056.6	1.34998e+07	32581.2	73465.1	36194.7	454362	7742.1	6230.34	184883	1.65057e+06	1341.16	1537.59	337196	3508.92	23765	24258.8	70186.5	298579	10723.7	31702.1	2604.09	2916.72	14597.1	998694	48891.5	40774.6	7.61797e+07	13291.3	21845	1819.27	164651	6103.37	2.68703e+07	59016.5	14276.4	292.58	5972.2	27172.5	3479.49	62580	20977.8	912.119	-75063.8	9431.18	276606	37782.4	891840	73114.7	4850.79	16035.2	16397.3	34436.7	9.4885e+06	15486.7	8896.31	12459.2	10925.5	22838.7	87654.7	3481.81	14842.4	40572.3	20806.8	226993	428306	1997.51	14398.7	5130.36	25345.8	11297.4	197255	1471.36	50546.6	56898.1	-93991.9	53132.8	7.44733e+06	39553.3	11861.6	36072.8	-168631	132770	1417.29	40542.7
1115.31	137448	8.55482e+06	19548.3	61755.5	99510.9	9937.59	34400.6	237594	17887	275900	49163.4	802222	6564.98	5259.31	614.322	61237.2	1.40853e+07	33145.3	74752	37058.6	468214	7880.71	6333.85	190023	1.73512e+06	1362.74	1564.64	350385	3584.05	24198.3	28167.2	71717.5	308446	10959.1	32482.1	2650.83	2958.62	14871.7	1.05656e+06	49883.7	41770	7.946e+07	13561	22304.4	1847.42	169213	6224.27	2.85102e+07	60440.9	14566.5	298.265	6075.25	27648.8	3540.16	64007.9	21309.7	928.214	-75319.1	9643.6	285035	38460.2	933932	74531.5	4930.35	16342.3	16771.2	35315.1	1.00246e+07	15753.9	9092.54	12714.1	11099.9	23272.9	89436.1	3543.12	15154.1	41418	21132.8	234864	446950	2036.49	14705.7	5226.83	25865.9	11503.3	201040	1499.08	51747.1	57768.5	-93611.1	54320.9	7.8568e+06	40341.6	12054.3	36746.7	-169680	136498	1440.91	41275.5
